{"cameraMode":{"drawMode":0,"name":"Shaded","section":"Shading Mode"},"sceneLighting":true,"audioPlay":false,"sceneViewState":{"m_AlwaysRefresh":false,"showFog":true,"showSkybox":true,"showFlares":true,"showImageEffects":true,"showParticleSystems":true,"showVisualEffectGraphs":true,"m_FxEnabled":true},"in2DMode":false,"pivot":{"x":2.404747486114502,"y":0.49568748474121096,"z":2.3889315128326418},"rotation":{"x":0.01660737954080105,"y":-0.14884315431118012,"z":-0.0025368770584464075,"w":-0.9887988567352295},"size":0.977300763130188,"orthographic":false}